<DBMIGRATION type="mod/wiki" VERSION="2006040602">
  <TABLES>
    <TABLE name="wiki">
      <FIELDS>
        <FIELD name="name" method="PHP_FUNCTION" type="varchar" length="255">
    	  <PHP_FUNCTION>
            migrate2utf8_wiki_name(RECORDID)
          </PHP_FUNCTION>
    	</FIELD>
        <FIELD name="intro" method="PHP_FUNCTION" type="text" length="0">
    	  <PHP_FUNCTION>
            migrate2utf8_wiki_intro(RECORDID)
          </PHP_FUNCTION>
    	</FIELD>
    	<FIELD name="pagename" method="PHP_FUNCTION" type="varchar" length="255">
    	  <PHP_FUNCTION>
            migrate2utf8_wiki_pagename(RECORDID)
          </PHP_FUNCTION>
        </FIELD>
        <FIELD name="evaluation" method="PHP_FUNCTION" type="varchar" length="255">
    	  <PHP_FUNCTION>
            migrate2utf8_wiki_evaluation(RECORDID)
          </PHP_FUNCTION>
        </FIELD>
        <FIELD name="notetype" method="PHP_FUNCTION" type="varchar" length="255">
    	  <PHP_FUNCTION>
            migrate2utf8_wiki_notetype(RECORDID)
          </PHP_FUNCTION>
        </FIELD>
    	<FIELD name="editor" method="NO_CONV" type="varchar" length="40" />
      </FIELDS>
    </TABLE>
    <TABLE name="wiki_block">
      <FIELDS>
        <FIELD name="name" method="NO_CONV" type="varchar" length="40" />
      </FIELDS>
    </TABLE>
    <TABLE name="wiki_block_instance">
      <FIELDS>
        <FIELD name="pagetype" method="NO_CONV" type="varchar" length="20" />
        <FIELD name="position" method="NO_CONV" type="varchar" length="10" />
      </FIELDS>
    </TABLE>
    <TABLE name="wiki_pages">
      <FIELDS>
        <FIELD name="pagename" method="PLAIN_SQL_UPDATE" type="varchar" length="160">
          <SQL_DETECT_USER>
           SELECT wp.userid
           FROM {$CFG->prefix}wiki_pages wp
           WHERE wp.id = RECORDID
          </SQL_DETECT_USER>
          <SQL_DETECT_COURSE>
           SELECT w.course
           FROM {$CFG->prefix}wiki w,
                {$CFG->prefix}wiki_pages wp
           WHERE w.id = wp.dfwiki
                 AND wp.id = RECORDID
          </SQL_DETECT_COURSE>
        </FIELD>
        <FIELD name="content" method="PHP_FUNCTION" type="mediumtext" length="0">
          <PHP_FUNCTION>
            migrate2utf8_wiki_pages_content(RECORDID)
          </PHP_FUNCTION>        
        </FIELD>
        <FIELD name="evaluation" method="PHP_FUNCTION" type="mediumtext" length="0">
          <PHP_FUNCTION>
            migrate2utf8_wiki_pages_evaluation(RECORDID)
          </PHP_FUNCTION>        
        </FIELD>
        <FIELD name="author" method="PHP_FUNCTION" type="varchar" length="100">
    	  <PHP_FUNCTION>
            migrate2utf8_wiki_pages_author(RECORDID)
          </PHP_FUNCTION>
        </FIELD>
        <FIELD name="refs" method="PLAIN_SQL_UPDATE" type="mediumtext" length="0">
          <SQL_DETECT_USER>
           SELECT wp.userid
           FROM {$CFG->prefix}wiki_pages wp
           WHERE wp.id = RECORDID
          </SQL_DETECT_USER>
          <SQL_DETECT_COURSE>
           SELECT w.course
           FROM {$CFG->prefix}wiki w,
                {$CFG->prefix}wiki_pages wp
           WHERE w.id = wp.dfwiki
                 AND wp.id = RECORDID
          </SQL_DETECT_COURSE>
        </FIELD>
        <FIELD name="editor" method="NO_CONV" type="varchar" length="40" />
      </FIELDS>
    </TABLE>
    <TABLE name="wiki_synonymous">
      <FIELDS>
        <FIELD name="syn" method="PHP_FUNCTION" type="varchar" length="160">
    	  <PHP_FUNCTION>
            migrate2utf8_wiki_synonymous_syn(RECORDID)
          </PHP_FUNCTION>
        </FIELD>
    	<FIELD name="original" method="PHP_FUNCTION" type="varchar" length="160">
    	  <PHP_FUNCTION>
            migrate2utf8_wiki_synonymous_original(RECORDID)
          </PHP_FUNCTION>
        </FIELD>
      </FIELDS>
    </TABLE>
    <TABLE name="wiki_votes">
      <FIELDS>
        <FIELD name="pagename" method="PHP_FUNCTION" type="varchar" length="160">
    	  <PHP_FUNCTION>
            migrate2utf8_wiki_votes_pagename(RECORDID)
          </PHP_FUNCTION>
        </FIELD>
    	<FIELD name="username" method="PHP_FUNCTION" type="varchar" length="100">
    	  <PHP_FUNCTION>
            migrate2utf8_wiki_votes_username(RECORDID)
          </PHP_FUNCTION>
        </FIELD>
      </FIELDS>
    </TABLE>
  </TABLES>
</DBMIGRATION>


